INLINE ClassSkillRomList,default_rom_skill0,default_rom_skill1,null0,null1,master_rom_skill0,master_rom_skill1,null0,null1,default_ram_skill0,default_ram_skill1,default_ram_skill2,default_ram_skill3,master_ram_skill0,master_ram_skill1,master_ram_skill2,master_ram_skill3
None,0,0,0,0,0,0,0,0,SKILLID_Vantage,SKILLID_VantageBattalion,SKILLID_Desperation,SKILLID_DesperationBattalion,SKILLID_FistBreaker,SKILLID_AxeBreaker,SKILLID_LanceBreaker,SKILLID_BowBreaker
Ephraim Lord,0,0,0,0,0,0,0,0,SKILLID_Vantage,SKILLID_VantageBattalion,SKILLID_Desperation,SKILLID_DesperationBattalion,SKILLID_FistBreaker,SKILLID_AxeBreaker,SKILLID_LanceBreaker,SKILLID_BowBreaker
Eirika Lord,0,0,0,0,0,0,0,0,SKILLID_Vantage,SKILLID_VantageBattalion,SKILLID_Desperation,SKILLID_DesperationBattalion,SKILLID_FistBreaker,SKILLID_AxeBreaker,SKILLID_LanceBreaker,SKILLID_BowBreaker
Ephraim Master Lord,0,0,0,0,0,0,0,0,SKILLID_Vantage,SKILLID_VantageBattalion,SKILLID_Desperation,SKILLID_DesperationBattalion,SKILLID_FistBreaker,SKILLID_AxeBreaker,SKILLID_LanceBreaker,SKILLID_BowBreaker
Eirika Master Lord,0,0,0,0,0,0,0,0,SKILLID_Vantage,SKILLID_VantageBattalion,SKILLID_Desperation,SKILLID_DesperationBattalion,SKILLID_FistBreaker,SKILLID_AxeBreaker,SKILLID_LanceBreaker,SKILLID_BowBreaker
Cavalier,0,0,0,0,0,0,0,0,SKILLID_Vantage,SKILLID_VantageBattalion,SKILLID_Desperation,SKILLID_DesperationBattalion,SKILLID_FistBreaker,SKILLID_AxeBreaker,SKILLID_LanceBreaker,SKILLID_BowBreaker
Cavalier (F),0,0,0,0,0,0,0,0,SKILLID_Vantage,SKILLID_VantageBattalion,SKILLID_Desperation,SKILLID_DesperationBattalion,SKILLID_FistBreaker,SKILLID_AxeBreaker,SKILLID_LanceBreaker,SKILLID_BowBreaker
Paladin,0,0,0,0,0,0,0,0,SKILLID_Vantage,SKILLID_VantageBattalion,SKILLID_Desperation,SKILLID_DesperationBattalion,SKILLID_FistBreaker,SKILLID_AxeBreaker,SKILLID_LanceBreaker,SKILLID_BowBreaker
Paladin (F),0,0,0,0,0,0,0,0,SKILLID_Vantage,SKILLID_VantageBattalion,SKILLID_Desperation,SKILLID_DesperationBattalion,SKILLID_FistBreaker,SKILLID_AxeBreaker,SKILLID_LanceBreaker,SKILLID_BowBreaker
Armour Knight,0,0,0,0,0,0,0,0,SKILLID_Vantage,SKILLID_VantageBattalion,SKILLID_Desperation,SKILLID_DesperationBattalion,SKILLID_FistBreaker,SKILLID_AxeBreaker,SKILLID_LanceBreaker,SKILLID_BowBreaker
Armour Knight (F),0,0,0,0,0,0,0,0,SKILLID_Vantage,SKILLID_VantageBattalion,SKILLID_Desperation,SKILLID_DesperationBattalion,SKILLID_FistBreaker,SKILLID_AxeBreaker,SKILLID_LanceBreaker,SKILLID_BowBreaker
General,0,0,0,0,0,0,0,0,SKILLID_Vantage,SKILLID_VantageBattalion,SKILLID_Desperation,SKILLID_DesperationBattalion,SKILLID_FistBreaker,SKILLID_AxeBreaker,SKILLID_LanceBreaker,SKILLID_BowBreaker
General (F),0,0,0,0,0,0,0,0,SKILLID_Vantage,SKILLID_VantageBattalion,SKILLID_Desperation,SKILLID_DesperationBattalion,SKILLID_FistBreaker,SKILLID_AxeBreaker,SKILLID_LanceBreaker,SKILLID_BowBreaker
Thief,0,0,0,0,0,0,0,0,SKILLID_Vantage,SKILLID_VantageBattalion,SKILLID_Desperation,SKILLID_DesperationBattalion,SKILLID_FistBreaker,SKILLID_AxeBreaker,SKILLID_LanceBreaker,SKILLID_BowBreaker
Manakete,0,0,0,0,0,0,0,0,SKILLID_Vantage,SKILLID_VantageBattalion,SKILLID_Desperation,SKILLID_DesperationBattalion,SKILLID_FistBreaker,SKILLID_AxeBreaker,SKILLID_LanceBreaker,SKILLID_BowBreaker
Mercenary,0,0,0,0,0,0,0,0,SKILLID_Vantage,SKILLID_VantageBattalion,SKILLID_Desperation,SKILLID_DesperationBattalion,SKILLID_FistBreaker,SKILLID_AxeBreaker,SKILLID_LanceBreaker,SKILLID_BowBreaker
Mercenary (F),0,0,0,0,0,0,0,0,SKILLID_Vantage,SKILLID_VantageBattalion,SKILLID_Desperation,SKILLID_DesperationBattalion,SKILLID_FistBreaker,SKILLID_AxeBreaker,SKILLID_LanceBreaker,SKILLID_BowBreaker
Hero,0,0,0,0,0,0,0,0,SKILLID_Vantage,SKILLID_VantageBattalion,SKILLID_Desperation,SKILLID_DesperationBattalion,SKILLID_FistBreaker,SKILLID_AxeBreaker,SKILLID_LanceBreaker,SKILLID_BowBreaker
Hero (F),0,0,0,0,0,0,0,0,SKILLID_Vantage,SKILLID_VantageBattalion,SKILLID_Desperation,SKILLID_DesperationBattalion,SKILLID_FistBreaker,SKILLID_AxeBreaker,SKILLID_LanceBreaker,SKILLID_BowBreaker
Myrmidon,0,0,0,0,0,0,0,0,SKILLID_Vantage,SKILLID_VantageBattalion,SKILLID_Desperation,SKILLID_DesperationBattalion,SKILLID_FistBreaker,SKILLID_AxeBreaker,SKILLID_LanceBreaker,SKILLID_BowBreaker
Myrmidon (F),0,0,0,0,0,0,0,0,SKILLID_Vantage,SKILLID_VantageBattalion,SKILLID_Desperation,SKILLID_DesperationBattalion,SKILLID_FistBreaker,SKILLID_AxeBreaker,SKILLID_LanceBreaker,SKILLID_BowBreaker
Swordmaster,0,0,0,0,0,0,0,0,SKILLID_Vantage,SKILLID_VantageBattalion,SKILLID_Desperation,SKILLID_DesperationBattalion,SKILLID_FistBreaker,SKILLID_AxeBreaker,SKILLID_LanceBreaker,SKILLID_BowBreaker
Swordmaster (F),0,0,0,0,0,0,0,0,SKILLID_Vantage,SKILLID_VantageBattalion,SKILLID_Desperation,SKILLID_DesperationBattalion,SKILLID_FistBreaker,SKILLID_AxeBreaker,SKILLID_LanceBreaker,SKILLID_BowBreaker
Assassin,0,0,0,0,0,0,0,0,SKILLID_Vantage,SKILLID_VantageBattalion,SKILLID_Desperation,SKILLID_DesperationBattalion,SKILLID_FistBreaker,SKILLID_AxeBreaker,SKILLID_LanceBreaker,SKILLID_BowBreaker
Assassin (F),0,0,0,0,0,0,0,0,SKILLID_Vantage,SKILLID_VantageBattalion,SKILLID_Desperation,SKILLID_DesperationBattalion,SKILLID_FistBreaker,SKILLID_AxeBreaker,SKILLID_LanceBreaker,SKILLID_BowBreaker
Archer,0,0,0,0,0,0,0,0,SKILLID_Vantage,SKILLID_VantageBattalion,SKILLID_Desperation,SKILLID_DesperationBattalion,SKILLID_FistBreaker,SKILLID_AxeBreaker,SKILLID_LanceBreaker,SKILLID_BowBreaker
Archer (F),0,0,0,0,0,0,0,0,SKILLID_Vantage,SKILLID_VantageBattalion,SKILLID_Desperation,SKILLID_DesperationBattalion,SKILLID_FistBreaker,SKILLID_AxeBreaker,SKILLID_LanceBreaker,SKILLID_BowBreaker
Sniper,0,0,0,0,0,0,0,0,SKILLID_Vantage,SKILLID_VantageBattalion,SKILLID_Desperation,SKILLID_DesperationBattalion,SKILLID_FistBreaker,SKILLID_AxeBreaker,SKILLID_LanceBreaker,SKILLID_BowBreaker
Sniper (F),0,0,0,0,0,0,0,0,SKILLID_Vantage,SKILLID_VantageBattalion,SKILLID_Desperation,SKILLID_DesperationBattalion,SKILLID_FistBreaker,SKILLID_AxeBreaker,SKILLID_LanceBreaker,SKILLID_BowBreaker
Ranger,0,0,0,0,0,0,0,0,SKILLID_Vantage,SKILLID_VantageBattalion,SKILLID_Desperation,SKILLID_DesperationBattalion,SKILLID_FistBreaker,SKILLID_AxeBreaker,SKILLID_LanceBreaker,SKILLID_BowBreaker
Ranger (F),0,0,0,0,0,0,0,0,SKILLID_Vantage,SKILLID_VantageBattalion,SKILLID_Desperation,SKILLID_DesperationBattalion,SKILLID_FistBreaker,SKILLID_AxeBreaker,SKILLID_LanceBreaker,SKILLID_BowBreaker
Wyvern Rider,0,0,0,0,0,0,0,0,SKILLID_Vantage,SKILLID_VantageBattalion,SKILLID_Desperation,SKILLID_DesperationBattalion,SKILLID_FistBreaker,SKILLID_AxeBreaker,SKILLID_LanceBreaker,SKILLID_BowBreaker
Wyvern Rider (F),0,0,0,0,0,0,0,0,SKILLID_Vantage,SKILLID_VantageBattalion,SKILLID_Desperation,SKILLID_DesperationBattalion,SKILLID_FistBreaker,SKILLID_AxeBreaker,SKILLID_LanceBreaker,SKILLID_BowBreaker
Wyvern Lord,0,0,0,0,0,0,0,0,SKILLID_Vantage,SKILLID_VantageBattalion,SKILLID_Desperation,SKILLID_DesperationBattalion,SKILLID_FistBreaker,SKILLID_AxeBreaker,SKILLID_LanceBreaker,SKILLID_BowBreaker
Wyvern Lord (F),0,0,0,0,0,0,0,0,SKILLID_Vantage,SKILLID_VantageBattalion,SKILLID_Desperation,SKILLID_DesperationBattalion,SKILLID_FistBreaker,SKILLID_AxeBreaker,SKILLID_LanceBreaker,SKILLID_BowBreaker
Wyvern Knight,0,0,0,0,0,0,0,0,SKILLID_Vantage,SKILLID_VantageBattalion,SKILLID_Desperation,SKILLID_DesperationBattalion,SKILLID_FistBreaker,SKILLID_AxeBreaker,SKILLID_LanceBreaker,SKILLID_BowBreaker
Wyvern Knight (F),0,0,0,0,0,0,0,0,SKILLID_Vantage,SKILLID_VantageBattalion,SKILLID_Desperation,SKILLID_DesperationBattalion,SKILLID_FistBreaker,SKILLID_AxeBreaker,SKILLID_LanceBreaker,SKILLID_BowBreaker
Mage,0,0,0,0,0,0,0,0,SKILLID_Vantage,SKILLID_VantageBattalion,SKILLID_Desperation,SKILLID_DesperationBattalion,SKILLID_FistBreaker,SKILLID_AxeBreaker,SKILLID_LanceBreaker,SKILLID_BowBreaker
Mage (F),0,0,0,0,0,0,0,0,SKILLID_Vantage,SKILLID_VantageBattalion,SKILLID_Desperation,SKILLID_DesperationBattalion,SKILLID_FistBreaker,SKILLID_AxeBreaker,SKILLID_LanceBreaker,SKILLID_BowBreaker
Sage,0,0,0,0,0,0,0,0,SKILLID_Vantage,0,SKILLID_Desperation,SKILLID_DesperationBattalion,SKILLID_FistBreaker,SKILLID_AxeBreaker,SKILLID_LanceBreaker,SKILLID_BowBreaker
Sage (F),0,0,0,0,0,0,0,0,SKILLID_Vantage,SKILLID_VantageBattalion,SKILLID_Desperation,SKILLID_DesperationBattalion,SKILLID_FistBreaker,SKILLID_AxeBreaker,SKILLID_LanceBreaker,SKILLID_BowBreaker
Mage Knight,0,0,0,0,0,0,0,0,SKILLID_Vantage,SKILLID_VantageBattalion,SKILLID_Desperation,SKILLID_DesperationBattalion,SKILLID_FistBreaker,SKILLID_AxeBreaker,SKILLID_LanceBreaker,SKILLID_BowBreaker
Mage Knight (F),0,0,0,0,0,0,0,0,SKILLID_Vantage,SKILLID_VantageBattalion,SKILLID_Desperation,SKILLID_DesperationBattalion,SKILLID_FistBreaker,SKILLID_AxeBreaker,SKILLID_LanceBreaker,SKILLID_BowBreaker
Bishop,0,0,0,0,0,0,0,0,SKILLID_Vantage,SKILLID_VantageBattalion,SKILLID_Desperation,SKILLID_DesperationBattalion,SKILLID_FistBreaker,SKILLID_AxeBreaker,SKILLID_LanceBreaker,SKILLID_BowBreaker
Bishop (F),0,0,0,0,0,0,0,0,SKILLID_Vantage,SKILLID_VantageBattalion,SKILLID_Desperation,SKILLID_DesperationBattalion,SKILLID_FistBreaker,SKILLID_AxeBreaker,SKILLID_LanceBreaker,SKILLID_BowBreaker
Shaman,0,0,0,0,0,0,0,0,SKILLID_Vantage,SKILLID_VantageBattalion,SKILLID_Desperation,SKILLID_DesperationBattalion,SKILLID_FistBreaker,SKILLID_AxeBreaker,SKILLID_LanceBreaker,SKILLID_BowBreaker
Shaman (F),0,0,0,0,0,0,0,0,SKILLID_Vantage,SKILLID_VantageBattalion,SKILLID_Desperation,SKILLID_DesperationBattalion,SKILLID_FistBreaker,SKILLID_AxeBreaker,SKILLID_LanceBreaker,SKILLID_BowBreaker
Druid,0,0,0,0,0,0,0,0,SKILLID_Vantage,SKILLID_VantageBattalion,SKILLID_Desperation,SKILLID_DesperationBattalion,SKILLID_FistBreaker,SKILLID_AxeBreaker,SKILLID_LanceBreaker,SKILLID_BowBreaker
Druid (F),0,0,0,0,0,0,0,0,SKILLID_Vantage,SKILLID_VantageBattalion,SKILLID_Desperation,SKILLID_DesperationBattalion,SKILLID_FistBreaker,SKILLID_AxeBreaker,SKILLID_LanceBreaker,SKILLID_BowBreaker
Summoner,0,0,0,0,0,0,0,0,SKILLID_Vantage,SKILLID_VantageBattalion,SKILLID_Desperation,SKILLID_DesperationBattalion,SKILLID_FistBreaker,SKILLID_AxeBreaker,SKILLID_LanceBreaker,SKILLID_BowBreaker
Summoner (F),0,0,0,0,0,0,0,0,SKILLID_Vantage,SKILLID_VantageBattalion,SKILLID_Desperation,SKILLID_DesperationBattalion,SKILLID_FistBreaker,SKILLID_AxeBreaker,SKILLID_LanceBreaker,SKILLID_BowBreaker
Rogue,0,0,0,0,0,0,0,0,SKILLID_Vantage,SKILLID_VantageBattalion,SKILLID_Desperation,SKILLID_DesperationBattalion,SKILLID_FistBreaker,SKILLID_AxeBreaker,SKILLID_LanceBreaker,SKILLID_BowBreaker
Gorgon Egg,0,0,0,0,0,0,0,0,SKILLID_Vantage,SKILLID_VantageBattalion,SKILLID_Desperation,SKILLID_DesperationBattalion,SKILLID_FistBreaker,SKILLID_AxeBreaker,SKILLID_LanceBreaker,SKILLID_BowBreaker
Great Knight,0,0,0,0,0,0,0,0,SKILLID_Vantage,SKILLID_VantageBattalion,SKILLID_Desperation,SKILLID_DesperationBattalion,SKILLID_FistBreaker,SKILLID_AxeBreaker,SKILLID_LanceBreaker,SKILLID_BowBreaker
Great Knight (F),0,0,0,0,0,0,0,0,SKILLID_Vantage,SKILLID_VantageBattalion,SKILLID_Desperation,SKILLID_DesperationBattalion,SKILLID_FistBreaker,SKILLID_AxeBreaker,SKILLID_LanceBreaker,SKILLID_BowBreaker
Recruit (2),0,0,0,0,0,0,0,0,SKILLID_Vantage,SKILLID_VantageBattalion,SKILLID_Desperation,SKILLID_DesperationBattalion,SKILLID_FistBreaker,SKILLID_AxeBreaker,SKILLID_LanceBreaker,SKILLID_BowBreaker
Journeyman (3),0,0,0,0,0,0,0,0,SKILLID_Vantage,SKILLID_VantageBattalion,SKILLID_Desperation,SKILLID_DesperationBattalion,SKILLID_FistBreaker,SKILLID_AxeBreaker,SKILLID_LanceBreaker,SKILLID_BowBreaker
Pupil (3),0,0,0,0,0,0,0,0,SKILLID_Vantage,SKILLID_VantageBattalion,SKILLID_Desperation,SKILLID_DesperationBattalion,SKILLID_FistBreaker,SKILLID_AxeBreaker,SKILLID_LanceBreaker,SKILLID_BowBreaker
Recruit (3),0,0,0,0,0,0,0,0,SKILLID_Vantage,SKILLID_VantageBattalion,SKILLID_Desperation,SKILLID_DesperationBattalion,SKILLID_FistBreaker,SKILLID_AxeBreaker,SKILLID_LanceBreaker,SKILLID_BowBreaker
Manakete,0,0,0,0,0,0,0,0,SKILLID_Vantage,SKILLID_VantageBattalion,SKILLID_Desperation,SKILLID_DesperationBattalion,SKILLID_FistBreaker,SKILLID_AxeBreaker,SKILLID_LanceBreaker,SKILLID_BowBreaker
Manakete (F),0,0,0,0,0,0,0,0,SKILLID_Vantage,SKILLID_VantageBattalion,SKILLID_Desperation,SKILLID_DesperationBattalion,SKILLID_FistBreaker,SKILLID_AxeBreaker,SKILLID_LanceBreaker,SKILLID_BowBreaker
Journeyman (1),0,0,0,0,0,0,0,0,SKILLID_Vantage,SKILLID_VantageBattalion,SKILLID_Desperation,SKILLID_DesperationBattalion,SKILLID_FistBreaker,SKILLID_AxeBreaker,SKILLID_LanceBreaker,SKILLID_BowBreaker
Pupil (1),0,0,0,0,0,0,0,0,SKILLID_Vantage,SKILLID_VantageBattalion,SKILLID_Desperation,SKILLID_DesperationBattalion,SKILLID_FistBreaker,SKILLID_AxeBreaker,SKILLID_LanceBreaker,SKILLID_BowBreaker
Fighter,0,0,0,0,0,0,0,0,SKILLID_Vantage,SKILLID_VantageBattalion,SKILLID_Desperation,SKILLID_DesperationBattalion,SKILLID_FistBreaker,SKILLID_AxeBreaker,SKILLID_LanceBreaker,SKILLID_BowBreaker
Warrior,0,0,0,0,0,0,0,0,SKILLID_Vantage,SKILLID_VantageBattalion,SKILLID_Desperation,SKILLID_DesperationBattalion,SKILLID_FistBreaker,SKILLID_AxeBreaker,SKILLID_LanceBreaker,SKILLID_BowBreaker
Brigand,0,0,0,0,0,0,0,0,SKILLID_Vantage,SKILLID_VantageBattalion,SKILLID_Desperation,SKILLID_DesperationBattalion,SKILLID_FistBreaker,SKILLID_AxeBreaker,SKILLID_LanceBreaker,SKILLID_BowBreaker
Pirate,0,0,0,0,0,0,0,0,SKILLID_Vantage,SKILLID_VantageBattalion,SKILLID_Desperation,SKILLID_DesperationBattalion,SKILLID_FistBreaker,SKILLID_AxeBreaker,SKILLID_LanceBreaker,SKILLID_BowBreaker
Berserker,0,0,0,0,0,0,0,0,SKILLID_Vantage,SKILLID_VantageBattalion,SKILLID_Desperation,SKILLID_DesperationBattalion,SKILLID_FistBreaker,SKILLID_AxeBreaker,SKILLID_LanceBreaker,SKILLID_BowBreaker
Monk,0,0,0,0,0,0,0,0,SKILLID_Vantage,SKILLID_VantageBattalion,SKILLID_Desperation,SKILLID_DesperationBattalion,SKILLID_FistBreaker,SKILLID_AxeBreaker,SKILLID_LanceBreaker,SKILLID_BowBreaker
Priest,0,0,0,0,0,0,0,0,SKILLID_Vantage,SKILLID_VantageBattalion,SKILLID_Desperation,SKILLID_DesperationBattalion,SKILLID_FistBreaker,SKILLID_AxeBreaker,SKILLID_LanceBreaker,SKILLID_BowBreaker
Bard,0,0,0,0,0,0,0,0,SKILLID_Vantage,SKILLID_VantageBattalion,SKILLID_Desperation,SKILLID_DesperationBattalion,SKILLID_FistBreaker,SKILLID_AxeBreaker,SKILLID_LanceBreaker,SKILLID_BowBreaker
Recruit (1),0,0,0,0,0,0,0,0,SKILLID_Vantage,SKILLID_VantageBattalion,SKILLID_Desperation,SKILLID_DesperationBattalion,SKILLID_FistBreaker,SKILLID_AxeBreaker,SKILLID_LanceBreaker,SKILLID_BowBreaker
Pegasus Knight,0,0,0,0,0,0,0,0,SKILLID_Vantage,SKILLID_VantageBattalion,SKILLID_Desperation,SKILLID_DesperationBattalion,SKILLID_FistBreaker,SKILLID_AxeBreaker,SKILLID_LanceBreaker,SKILLID_BowBreaker
Falcon Knight,0,0,0,0,0,0,0,0,SKILLID_Vantage,SKILLID_VantageBattalion,SKILLID_Desperation,SKILLID_DesperationBattalion,SKILLID_FistBreaker,SKILLID_AxeBreaker,SKILLID_LanceBreaker,SKILLID_BowBreaker
Cleric,0,0,0,0,0,0,0,0,SKILLID_Vantage,SKILLID_VantageBattalion,SKILLID_Desperation,SKILLID_DesperationBattalion,SKILLID_FistBreaker,SKILLID_AxeBreaker,SKILLID_LanceBreaker,SKILLID_BowBreaker
Troubadour,0,0,0,0,0,0,0,0,SKILLID_Vantage,SKILLID_VantageBattalion,SKILLID_Desperation,SKILLID_DesperationBattalion,SKILLID_FistBreaker,SKILLID_AxeBreaker,SKILLID_LanceBreaker,SKILLID_BowBreaker
Valkyrie,0,0,0,0,0,0,0,0,SKILLID_Vantage,SKILLID_VantageBattalion,SKILLID_Desperation,SKILLID_DesperationBattalion,SKILLID_FistBreaker,SKILLID_AxeBreaker,SKILLID_LanceBreaker,SKILLID_BowBreaker
Dancer,0,0,0,0,0,0,0,0,SKILLID_Vantage,SKILLID_VantageBattalion,SKILLID_Desperation,SKILLID_DesperationBattalion,SKILLID_FistBreaker,SKILLID_AxeBreaker,SKILLID_LanceBreaker,SKILLID_BowBreaker
Soldier,0,0,0,0,0,0,0,0,SKILLID_Vantage,SKILLID_VantageBattalion,SKILLID_Desperation,SKILLID_DesperationBattalion,SKILLID_FistBreaker,SKILLID_AxeBreaker,SKILLID_LanceBreaker,SKILLID_BowBreaker
Necromancer,0,0,0,0,0,0,0,0,SKILLID_Vantage,SKILLID_VantageBattalion,SKILLID_Desperation,SKILLID_DesperationBattalion,SKILLID_FistBreaker,SKILLID_AxeBreaker,SKILLID_LanceBreaker,SKILLID_BowBreaker
Fleet,0,0,0,0,0,0,0,0,SKILLID_Vantage,SKILLID_VantageBattalion,SKILLID_Desperation,SKILLID_DesperationBattalion,SKILLID_FistBreaker,SKILLID_AxeBreaker,SKILLID_LanceBreaker,SKILLID_BowBreaker
Phantom,0,0,0,0,0,0,0,0,SKILLID_Vantage,SKILLID_VantageBattalion,SKILLID_Desperation,SKILLID_DesperationBattalion,SKILLID_FistBreaker,SKILLID_AxeBreaker,SKILLID_LanceBreaker,SKILLID_BowBreaker
Revenant,0,0,0,0,0,0,0,0,SKILLID_Vantage,SKILLID_VantageBattalion,SKILLID_Desperation,SKILLID_DesperationBattalion,SKILLID_FistBreaker,SKILLID_AxeBreaker,SKILLID_LanceBreaker,SKILLID_BowBreaker
Entombed,0,0,0,0,0,0,0,0,SKILLID_Vantage,SKILLID_VantageBattalion,SKILLID_Desperation,SKILLID_DesperationBattalion,SKILLID_FistBreaker,SKILLID_AxeBreaker,SKILLID_LanceBreaker,SKILLID_BowBreaker
Bonewalker,0,0,0,0,0,0,0,0,SKILLID_Vantage,SKILLID_VantageBattalion,SKILLID_Desperation,SKILLID_DesperationBattalion,SKILLID_FistBreaker,SKILLID_AxeBreaker,SKILLID_LanceBreaker,SKILLID_BowBreaker
Bonewalker (Bow),0,0,0,0,0,0,0,0,SKILLID_Vantage,SKILLID_VantageBattalion,SKILLID_Desperation,SKILLID_DesperationBattalion,SKILLID_FistBreaker,SKILLID_AxeBreaker,SKILLID_LanceBreaker,SKILLID_BowBreaker
Wight,0,0,0,0,0,0,0,0,SKILLID_Vantage,SKILLID_VantageBattalion,SKILLID_Desperation,SKILLID_DesperationBattalion,SKILLID_FistBreaker,SKILLID_AxeBreaker,SKILLID_LanceBreaker,SKILLID_BowBreaker
Wight (Bow),0,0,0,0,0,0,0,0,SKILLID_Vantage,SKILLID_VantageBattalion,SKILLID_Desperation,SKILLID_DesperationBattalion,SKILLID_FistBreaker,SKILLID_AxeBreaker,SKILLID_LanceBreaker,SKILLID_BowBreaker
Bael,0,0,0,0,0,0,0,0,SKILLID_Vantage,SKILLID_VantageBattalion,SKILLID_Desperation,SKILLID_DesperationBattalion,SKILLID_FistBreaker,SKILLID_AxeBreaker,SKILLID_LanceBreaker,SKILLID_BowBreaker
Elder Bael,0,0,0,0,0,0,0,0,SKILLID_Vantage,SKILLID_VantageBattalion,SKILLID_Desperation,SKILLID_DesperationBattalion,SKILLID_FistBreaker,SKILLID_AxeBreaker,SKILLID_LanceBreaker,SKILLID_BowBreaker
Cyclops,0,0,0,0,0,0,0,0,SKILLID_Vantage,SKILLID_VantageBattalion,SKILLID_Desperation,SKILLID_DesperationBattalion,SKILLID_FistBreaker,SKILLID_AxeBreaker,SKILLID_LanceBreaker,SKILLID_BowBreaker
Mauthe Doog,0,0,0,0,0,0,0,0,SKILLID_Vantage,SKILLID_VantageBattalion,SKILLID_Desperation,SKILLID_DesperationBattalion,SKILLID_FistBreaker,SKILLID_AxeBreaker,SKILLID_LanceBreaker,SKILLID_BowBreaker
Gwyllgi,0,0,0,0,0,0,0,0,SKILLID_Vantage,SKILLID_VantageBattalion,SKILLID_Desperation,SKILLID_DesperationBattalion,SKILLID_FistBreaker,SKILLID_AxeBreaker,SKILLID_LanceBreaker,SKILLID_BowBreaker
Tarvos,0,0,0,0,0,0,0,0,SKILLID_Vantage,SKILLID_VantageBattalion,SKILLID_Desperation,SKILLID_DesperationBattalion,SKILLID_FistBreaker,SKILLID_AxeBreaker,SKILLID_LanceBreaker,SKILLID_BowBreaker
Maelduin,0,0,0,0,0,0,0,0,SKILLID_Vantage,SKILLID_VantageBattalion,SKILLID_Desperation,SKILLID_DesperationBattalion,SKILLID_FistBreaker,SKILLID_AxeBreaker,SKILLID_LanceBreaker,SKILLID_BowBreaker
Mogall,0,0,0,0,0,0,0,0,SKILLID_Vantage,SKILLID_VantageBattalion,SKILLID_Desperation,SKILLID_DesperationBattalion,SKILLID_FistBreaker,SKILLID_AxeBreaker,SKILLID_LanceBreaker,SKILLID_BowBreaker
Arch Mogall,0,0,0,0,0,0,0,0,SKILLID_Vantage,SKILLID_VantageBattalion,SKILLID_Desperation,SKILLID_DesperationBattalion,SKILLID_FistBreaker,SKILLID_AxeBreaker,SKILLID_LanceBreaker,SKILLID_BowBreaker
Gorgon,0,0,0,0,0,0,0,0,SKILLID_Vantage,SKILLID_VantageBattalion,SKILLID_Desperation,SKILLID_DesperationBattalion,SKILLID_FistBreaker,SKILLID_AxeBreaker,SKILLID_LanceBreaker,SKILLID_BowBreaker
Gorgon Egg,0,0,0,0,0,0,0,0,SKILLID_Vantage,SKILLID_VantageBattalion,SKILLID_Desperation,SKILLID_DesperationBattalion,SKILLID_FistBreaker,SKILLID_AxeBreaker,SKILLID_LanceBreaker,SKILLID_BowBreaker
Gargoyle,0,0,0,0,0,0,0,0,SKILLID_Vantage,SKILLID_VantageBattalion,SKILLID_Desperation,SKILLID_DesperationBattalion,SKILLID_FistBreaker,SKILLID_AxeBreaker,SKILLID_LanceBreaker,SKILLID_BowBreaker
Deathgoyle,0,0,0,0,0,0,0,0,SKILLID_Vantage,SKILLID_VantageBattalion,SKILLID_Desperation,SKILLID_DesperationBattalion,SKILLID_FistBreaker,SKILLID_AxeBreaker,SKILLID_LanceBreaker,SKILLID_BowBreaker
Dracozombie,0,0,0,0,0,0,0,0,SKILLID_Vantage,SKILLID_VantageBattalion,SKILLID_Desperation,SKILLID_DesperationBattalion,SKILLID_FistBreaker,SKILLID_AxeBreaker,SKILLID_LanceBreaker,SKILLID_BowBreaker
Demon King,0,0,0,0,0,0,0,0,SKILLID_Vantage,SKILLID_VantageBattalion,SKILLID_Desperation,SKILLID_DesperationBattalion,SKILLID_FistBreaker,SKILLID_AxeBreaker,SKILLID_LanceBreaker,SKILLID_BowBreaker
Archer on Ballista,0,0,0,0,0,0,0,0,SKILLID_Vantage,SKILLID_VantageBattalion,SKILLID_Desperation,SKILLID_DesperationBattalion,SKILLID_FistBreaker,SKILLID_AxeBreaker,SKILLID_LanceBreaker,SKILLID_BowBreaker
Archer on Iron Ballista,0,0,0,0,0,0,0,0,SKILLID_Vantage,SKILLID_VantageBattalion,SKILLID_Desperation,SKILLID_DesperationBattalion,SKILLID_FistBreaker,SKILLID_AxeBreaker,SKILLID_LanceBreaker,SKILLID_BowBreaker
Archer on Killer Ballista,0,0,0,0,0,0,0,0,SKILLID_Vantage,SKILLID_VantageBattalion,SKILLID_Desperation,SKILLID_DesperationBattalion,SKILLID_FistBreaker,SKILLID_AxeBreaker,SKILLID_LanceBreaker,SKILLID_BowBreaker
Ballista,0,0,0,0,0,0,0,0,SKILLID_Vantage,SKILLID_VantageBattalion,SKILLID_Desperation,SKILLID_DesperationBattalion,SKILLID_FistBreaker,SKILLID_AxeBreaker,SKILLID_LanceBreaker,SKILLID_BowBreaker
Iron Ballista,0,0,0,0,0,0,0,0,SKILLID_Vantage,SKILLID_VantageBattalion,SKILLID_Desperation,SKILLID_DesperationBattalion,SKILLID_FistBreaker,SKILLID_AxeBreaker,SKILLID_LanceBreaker,SKILLID_BowBreaker
Killer Ballista,0,0,0,0,0,0,0,0,SKILLID_Vantage,SKILLID_VantageBattalion,SKILLID_Desperation,SKILLID_DesperationBattalion,SKILLID_FistBreaker,SKILLID_AxeBreaker,SKILLID_LanceBreaker,SKILLID_BowBreaker
Civilian,0,0,0,0,0,0,0,0,SKILLID_Vantage,SKILLID_VantageBattalion,SKILLID_Desperation,SKILLID_DesperationBattalion,SKILLID_FistBreaker,SKILLID_AxeBreaker,SKILLID_LanceBreaker,SKILLID_BowBreaker
Civilian (F),0,0,0,0,0,0,0,0,SKILLID_Vantage,SKILLID_VantageBattalion,SKILLID_Desperation,SKILLID_DesperationBattalion,SKILLID_FistBreaker,SKILLID_AxeBreaker,SKILLID_LanceBreaker,SKILLID_BowBreaker
Civilian,0,0,0,0,0,0,0,0,SKILLID_Vantage,SKILLID_VantageBattalion,SKILLID_Desperation,SKILLID_DesperationBattalion,SKILLID_FistBreaker,SKILLID_AxeBreaker,SKILLID_LanceBreaker,SKILLID_BowBreaker
Civilian (F),0,0,0,0,0,0,0,0,SKILLID_Vantage,SKILLID_VantageBattalion,SKILLID_Desperation,SKILLID_DesperationBattalion,SKILLID_FistBreaker,SKILLID_AxeBreaker,SKILLID_LanceBreaker,SKILLID_BowBreaker
Civilian,0,0,0,0,0,0,0,0,SKILLID_Vantage,SKILLID_VantageBattalion,SKILLID_Desperation,SKILLID_DesperationBattalion,SKILLID_FistBreaker,SKILLID_AxeBreaker,SKILLID_LanceBreaker,SKILLID_BowBreaker
Civilian (F),0,0,0,0,0,0,0,0,SKILLID_Vantage,SKILLID_VantageBattalion,SKILLID_Desperation,SKILLID_DesperationBattalion,SKILLID_FistBreaker,SKILLID_AxeBreaker,SKILLID_LanceBreaker,SKILLID_BowBreaker
Peer,0,0,0,0,0,0,0,0,SKILLID_Vantage,SKILLID_VantageBattalion,SKILLID_Desperation,SKILLID_DesperationBattalion,SKILLID_FistBreaker,SKILLID_AxeBreaker,SKILLID_LanceBreaker,SKILLID_BowBreaker
Queen,0,0,0,0,0,0,0,0,SKILLID_Vantage,SKILLID_VantageBattalion,SKILLID_Desperation,SKILLID_DesperationBattalion,SKILLID_FistBreaker,SKILLID_AxeBreaker,SKILLID_LanceBreaker,SKILLID_BowBreaker
Prince,0,0,0,0,0,0,0,0,SKILLID_Vantage,SKILLID_VantageBattalion,SKILLID_Desperation,SKILLID_DesperationBattalion,SKILLID_FistBreaker,SKILLID_AxeBreaker,SKILLID_LanceBreaker,SKILLID_BowBreaker
Queen,0,0,0,0,0,0,0,0,SKILLID_Vantage,SKILLID_VantageBattalion,SKILLID_Desperation,SKILLID_DesperationBattalion,SKILLID_FistBreaker,SKILLID_AxeBreaker,SKILLID_LanceBreaker,SKILLID_BowBreaker
(empty),0,0,0,0,0,0,0,0,SKILLID_Vantage,SKILLID_VantageBattalion,SKILLID_Desperation,SKILLID_DesperationBattalion,SKILLID_FistBreaker,SKILLID_AxeBreaker,SKILLID_LanceBreaker,SKILLID_BowBreaker
Fallen Prince,0,0,0,0,0,0,0,0,SKILLID_Vantage,SKILLID_VantageBattalion,SKILLID_Desperation,SKILLID_DesperationBattalion,SKILLID_FistBreaker,SKILLID_AxeBreaker,SKILLID_LanceBreaker,SKILLID_BowBreaker
Tent,0,0,0,0,0,0,0,0,SKILLID_Vantage,SKILLID_VantageBattalion,SKILLID_Desperation,SKILLID_DesperationBattalion,SKILLID_FistBreaker,SKILLID_AxeBreaker,SKILLID_LanceBreaker,SKILLID_BowBreaker
Pontifex,0,0,0,0,0,0,0,0,SKILLID_Vantage,SKILLID_VantageBattalion,SKILLID_Desperation,SKILLID_DesperationBattalion,SKILLID_FistBreaker,SKILLID_AxeBreaker,SKILLID_LanceBreaker,SKILLID_BowBreaker
Dead Peer,0,0,0,0,0,0,0,0,SKILLID_Vantage,SKILLID_VantageBattalion,SKILLID_Desperation,SKILLID_DesperationBattalion,SKILLID_FistBreaker,SKILLID_AxeBreaker,SKILLID_LanceBreaker,SKILLID_BowBreaker
Cyclops,0,0,0,0,0,0,0,0,SKILLID_Vantage,SKILLID_VantageBattalion,SKILLID_Desperation,SKILLID_DesperationBattalion,SKILLID_FistBreaker,SKILLID_AxeBreaker,SKILLID_LanceBreaker,SKILLID_BowBreaker
Elder Bael,0,0,0,0,0,0,0,0,SKILLID_Vantage,SKILLID_VantageBattalion,SKILLID_Desperation,SKILLID_DesperationBattalion,SKILLID_FistBreaker,SKILLID_AxeBreaker,SKILLID_LanceBreaker,SKILLID_BowBreaker
Journeyman (2),0,0,0,0,0,0,0,0,SKILLID_Vantage,SKILLID_VantageBattalion,SKILLID_Desperation,SKILLID_DesperationBattalion,SKILLID_FistBreaker,SKILLID_AxeBreaker,SKILLID_LanceBreaker,SKILLID_BowBreaker
Pupil (2),0,0,0,0,0,0,0,0,SKILLID_Vantage,SKILLID_VantageBattalion,SKILLID_Desperation,SKILLID_DesperationBattalion,SKILLID_FistBreaker,SKILLID_AxeBreaker,SKILLID_LanceBreaker,SKILLID_BowBreaker
0x80,0,0,0,0,0,0,0,0,SKILLID_Vantage,SKILLID_VantageBattalion,SKILLID_Desperation,SKILLID_DesperationBattalion,SKILLID_FistBreaker,SKILLID_AxeBreaker,SKILLID_LanceBreaker,SKILLID_BowBreaker
0x81,0,0,0,0,0,0,0,0,SKILLID_Vantage,SKILLID_VantageBattalion,SKILLID_Desperation,SKILLID_DesperationBattalion,SKILLID_FistBreaker,SKILLID_AxeBreaker,SKILLID_LanceBreaker,SKILLID_BowBreaker
0x82,0,0,0,0,0,0,0,0,SKILLID_Vantage,SKILLID_VantageBattalion,SKILLID_Desperation,SKILLID_DesperationBattalion,SKILLID_FistBreaker,SKILLID_AxeBreaker,SKILLID_LanceBreaker,SKILLID_BowBreaker
0x83,0,0,0,0,0,0,0,0,SKILLID_Vantage,SKILLID_VantageBattalion,SKILLID_Desperation,SKILLID_DesperationBattalion,SKILLID_FistBreaker,SKILLID_AxeBreaker,SKILLID_LanceBreaker,SKILLID_BowBreaker
0x84,0,0,0,0,0,0,0,0,SKILLID_Vantage,SKILLID_VantageBattalion,SKILLID_Desperation,SKILLID_DesperationBattalion,SKILLID_FistBreaker,SKILLID_AxeBreaker,SKILLID_LanceBreaker,SKILLID_BowBreaker
0x85,0,0,0,0,0,0,0,0,SKILLID_Vantage,SKILLID_VantageBattalion,SKILLID_Desperation,SKILLID_DesperationBattalion,SKILLID_FistBreaker,SKILLID_AxeBreaker,SKILLID_LanceBreaker,SKILLID_BowBreaker
0x86,0,0,0,0,0,0,0,0,SKILLID_Vantage,SKILLID_VantageBattalion,SKILLID_Desperation,SKILLID_DesperationBattalion,SKILLID_FistBreaker,SKILLID_AxeBreaker,SKILLID_LanceBreaker,SKILLID_BowBreaker
0x87,0,0,0,0,0,0,0,0,SKILLID_Vantage,SKILLID_VantageBattalion,SKILLID_Desperation,SKILLID_DesperationBattalion,SKILLID_FistBreaker,SKILLID_AxeBreaker,SKILLID_LanceBreaker,SKILLID_BowBreaker
0x88,0,0,0,0,0,0,0,0,SKILLID_Vantage,SKILLID_VantageBattalion,SKILLID_Desperation,SKILLID_DesperationBattalion,SKILLID_FistBreaker,SKILLID_AxeBreaker,SKILLID_LanceBreaker,SKILLID_BowBreaker
0x89,0,0,0,0,0,0,0,0,SKILLID_Vantage,SKILLID_VantageBattalion,SKILLID_Desperation,SKILLID_DesperationBattalion,SKILLID_FistBreaker,SKILLID_AxeBreaker,SKILLID_LanceBreaker,SKILLID_BowBreaker
0x8a,0,0,0,0,0,0,0,0,SKILLID_Vantage,SKILLID_VantageBattalion,SKILLID_Desperation,SKILLID_DesperationBattalion,SKILLID_FistBreaker,SKILLID_AxeBreaker,SKILLID_LanceBreaker,SKILLID_BowBreaker
0x8b,0,0,0,0,0,0,0,0,SKILLID_Vantage,SKILLID_VantageBattalion,SKILLID_Desperation,SKILLID_DesperationBattalion,SKILLID_FistBreaker,SKILLID_AxeBreaker,SKILLID_LanceBreaker,SKILLID_BowBreaker
0x8c,0,0,0,0,0,0,0,0,SKILLID_Vantage,SKILLID_VantageBattalion,SKILLID_Desperation,SKILLID_DesperationBattalion,SKILLID_FistBreaker,SKILLID_AxeBreaker,SKILLID_LanceBreaker,SKILLID_BowBreaker
0x8d,0,0,0,0,0,0,0,0,SKILLID_Vantage,SKILLID_VantageBattalion,SKILLID_Desperation,SKILLID_DesperationBattalion,SKILLID_FistBreaker,SKILLID_AxeBreaker,SKILLID_LanceBreaker,SKILLID_BowBreaker
0x8e,0,0,0,0,0,0,0,0,SKILLID_Vantage,SKILLID_VantageBattalion,SKILLID_Desperation,SKILLID_DesperationBattalion,SKILLID_FistBreaker,SKILLID_AxeBreaker,SKILLID_LanceBreaker,SKILLID_BowBreaker
0x8f,0,0,0,0,0,0,0,0,SKILLID_Vantage,SKILLID_VantageBattalion,SKILLID_Desperation,SKILLID_DesperationBattalion,SKILLID_FistBreaker,SKILLID_AxeBreaker,SKILLID_LanceBreaker,SKILLID_BowBreaker
0x90,0,0,0,0,0,0,0,0,SKILLID_Vantage,SKILLID_VantageBattalion,SKILLID_Desperation,SKILLID_DesperationBattalion,SKILLID_FistBreaker,SKILLID_AxeBreaker,SKILLID_LanceBreaker,SKILLID_BowBreaker
0x91,0,0,0,0,0,0,0,0,SKILLID_Vantage,SKILLID_VantageBattalion,SKILLID_Desperation,SKILLID_DesperationBattalion,SKILLID_FistBreaker,SKILLID_AxeBreaker,SKILLID_LanceBreaker,SKILLID_BowBreaker
0x92,0,0,0,0,0,0,0,0,SKILLID_Vantage,SKILLID_VantageBattalion,SKILLID_Desperation,SKILLID_DesperationBattalion,SKILLID_FistBreaker,SKILLID_AxeBreaker,SKILLID_LanceBreaker,SKILLID_BowBreaker
0x93,0,0,0,0,0,0,0,0,SKILLID_Vantage,SKILLID_VantageBattalion,SKILLID_Desperation,SKILLID_DesperationBattalion,SKILLID_FistBreaker,SKILLID_AxeBreaker,SKILLID_LanceBreaker,SKILLID_BowBreaker
0x94,0,0,0,0,0,0,0,0,SKILLID_Vantage,SKILLID_VantageBattalion,SKILLID_Desperation,SKILLID_DesperationBattalion,SKILLID_FistBreaker,SKILLID_AxeBreaker,SKILLID_LanceBreaker,SKILLID_BowBreaker
0x95,0,0,0,0,0,0,0,0,SKILLID_Vantage,SKILLID_VantageBattalion,SKILLID_Desperation,SKILLID_DesperationBattalion,SKILLID_FistBreaker,SKILLID_AxeBreaker,SKILLID_LanceBreaker,SKILLID_BowBreaker
0x96,0,0,0,0,0,0,0,0,SKILLID_Vantage,SKILLID_VantageBattalion,SKILLID_Desperation,SKILLID_DesperationBattalion,SKILLID_FistBreaker,SKILLID_AxeBreaker,SKILLID_LanceBreaker,SKILLID_BowBreaker
0x97,0,0,0,0,0,0,0,0,SKILLID_Vantage,SKILLID_VantageBattalion,SKILLID_Desperation,SKILLID_DesperationBattalion,SKILLID_FistBreaker,SKILLID_AxeBreaker,SKILLID_LanceBreaker,SKILLID_BowBreaker
0x98,0,0,0,0,0,0,0,0,SKILLID_Vantage,SKILLID_VantageBattalion,SKILLID_Desperation,SKILLID_DesperationBattalion,SKILLID_FistBreaker,SKILLID_AxeBreaker,SKILLID_LanceBreaker,SKILLID_BowBreaker
0x99,0,0,0,0,0,0,0,0,SKILLID_Vantage,SKILLID_VantageBattalion,SKILLID_Desperation,SKILLID_DesperationBattalion,SKILLID_FistBreaker,SKILLID_AxeBreaker,SKILLID_LanceBreaker,SKILLID_BowBreaker
0x9a,0,0,0,0,0,0,0,0,SKILLID_Vantage,SKILLID_VantageBattalion,SKILLID_Desperation,SKILLID_DesperationBattalion,SKILLID_FistBreaker,SKILLID_AxeBreaker,SKILLID_LanceBreaker,SKILLID_BowBreaker
0x9b,0,0,0,0,0,0,0,0,SKILLID_Vantage,SKILLID_VantageBattalion,SKILLID_Desperation,SKILLID_DesperationBattalion,SKILLID_FistBreaker,SKILLID_AxeBreaker,SKILLID_LanceBreaker,SKILLID_BowBreaker
0x9c,0,0,0,0,0,0,0,0,SKILLID_Vantage,SKILLID_VantageBattalion,SKILLID_Desperation,SKILLID_DesperationBattalion,SKILLID_FistBreaker,SKILLID_AxeBreaker,SKILLID_LanceBreaker,SKILLID_BowBreaker
0x9d,0,0,0,0,0,0,0,0,SKILLID_Vantage,SKILLID_VantageBattalion,SKILLID_Desperation,SKILLID_DesperationBattalion,SKILLID_FistBreaker,SKILLID_AxeBreaker,SKILLID_LanceBreaker,SKILLID_BowBreaker
0x9e,0,0,0,0,0,0,0,0,SKILLID_Vantage,SKILLID_VantageBattalion,SKILLID_Desperation,SKILLID_DesperationBattalion,SKILLID_FistBreaker,SKILLID_AxeBreaker,SKILLID_LanceBreaker,SKILLID_BowBreaker
0x9f,0,0,0,0,0,0,0,0,SKILLID_Vantage,SKILLID_VantageBattalion,SKILLID_Desperation,SKILLID_DesperationBattalion,SKILLID_FistBreaker,SKILLID_AxeBreaker,SKILLID_LanceBreaker,SKILLID_BowBreaker
0xa0,0,0,0,0,0,0,0,0,SKILLID_Vantage,SKILLID_VantageBattalion,SKILLID_Desperation,SKILLID_DesperationBattalion,SKILLID_FistBreaker,SKILLID_AxeBreaker,SKILLID_LanceBreaker,SKILLID_BowBreaker
0xa1,0,0,0,0,0,0,0,0,SKILLID_Vantage,SKILLID_VantageBattalion,SKILLID_Desperation,SKILLID_DesperationBattalion,SKILLID_FistBreaker,SKILLID_AxeBreaker,SKILLID_LanceBreaker,SKILLID_BowBreaker
0xa2,0,0,0,0,0,0,0,0,SKILLID_Vantage,SKILLID_VantageBattalion,SKILLID_Desperation,SKILLID_DesperationBattalion,SKILLID_FistBreaker,SKILLID_AxeBreaker,SKILLID_LanceBreaker,SKILLID_BowBreaker
0xa3,0,0,0,0,0,0,0,0,SKILLID_Vantage,SKILLID_VantageBattalion,SKILLID_Desperation,SKILLID_DesperationBattalion,SKILLID_FistBreaker,SKILLID_AxeBreaker,SKILLID_LanceBreaker,SKILLID_BowBreaker
0xa4,0,0,0,0,0,0,0,0,SKILLID_Vantage,SKILLID_VantageBattalion,SKILLID_Desperation,SKILLID_DesperationBattalion,SKILLID_FistBreaker,SKILLID_AxeBreaker,SKILLID_LanceBreaker,SKILLID_BowBreaker
0xa5,0,0,0,0,0,0,0,0,SKILLID_Vantage,SKILLID_VantageBattalion,SKILLID_Desperation,SKILLID_DesperationBattalion,SKILLID_FistBreaker,SKILLID_AxeBreaker,SKILLID_LanceBreaker,SKILLID_BowBreaker
0xa6,0,0,0,0,0,0,0,0,SKILLID_Vantage,SKILLID_VantageBattalion,SKILLID_Desperation,SKILLID_DesperationBattalion,SKILLID_FistBreaker,SKILLID_AxeBreaker,SKILLID_LanceBreaker,SKILLID_BowBreaker
0xa7,0,0,0,0,0,0,0,0,SKILLID_Vantage,SKILLID_VantageBattalion,SKILLID_Desperation,SKILLID_DesperationBattalion,SKILLID_FistBreaker,SKILLID_AxeBreaker,SKILLID_LanceBreaker,SKILLID_BowBreaker
0xa8,0,0,0,0,0,0,0,0,SKILLID_Vantage,SKILLID_VantageBattalion,SKILLID_Desperation,SKILLID_DesperationBattalion,SKILLID_FistBreaker,SKILLID_AxeBreaker,SKILLID_LanceBreaker,SKILLID_BowBreaker
0xa9,0,0,0,0,0,0,0,0,SKILLID_Vantage,SKILLID_VantageBattalion,SKILLID_Desperation,SKILLID_DesperationBattalion,SKILLID_FistBreaker,SKILLID_AxeBreaker,SKILLID_LanceBreaker,SKILLID_BowBreaker
0xaa,0,0,0,0,0,0,0,0,SKILLID_Vantage,SKILLID_VantageBattalion,SKILLID_Desperation,SKILLID_DesperationBattalion,SKILLID_FistBreaker,SKILLID_AxeBreaker,SKILLID_LanceBreaker,SKILLID_BowBreaker
0xab,0,0,0,0,0,0,0,0,SKILLID_Vantage,SKILLID_VantageBattalion,SKILLID_Desperation,SKILLID_DesperationBattalion,SKILLID_FistBreaker,SKILLID_AxeBreaker,SKILLID_LanceBreaker,SKILLID_BowBreaker
0xac,0,0,0,0,0,0,0,0,SKILLID_Vantage,SKILLID_VantageBattalion,SKILLID_Desperation,SKILLID_DesperationBattalion,SKILLID_FistBreaker,SKILLID_AxeBreaker,SKILLID_LanceBreaker,SKILLID_BowBreaker
0xad,0,0,0,0,0,0,0,0,SKILLID_Vantage,SKILLID_VantageBattalion,SKILLID_Desperation,SKILLID_DesperationBattalion,SKILLID_FistBreaker,SKILLID_AxeBreaker,SKILLID_LanceBreaker,SKILLID_BowBreaker
0xae,0,0,0,0,0,0,0,0,SKILLID_Vantage,SKILLID_VantageBattalion,SKILLID_Desperation,SKILLID_DesperationBattalion,SKILLID_FistBreaker,SKILLID_AxeBreaker,SKILLID_LanceBreaker,SKILLID_BowBreaker
0xaf,0,0,0,0,0,0,0,0,SKILLID_Vantage,SKILLID_VantageBattalion,SKILLID_Desperation,SKILLID_DesperationBattalion,SKILLID_FistBreaker,SKILLID_AxeBreaker,SKILLID_LanceBreaker,SKILLID_BowBreaker
0xb0,0,0,0,0,0,0,0,0,SKILLID_Vantage,SKILLID_VantageBattalion,SKILLID_Desperation,SKILLID_DesperationBattalion,SKILLID_FistBreaker,SKILLID_AxeBreaker,SKILLID_LanceBreaker,SKILLID_BowBreaker
0xb1,0,0,0,0,0,0,0,0,SKILLID_Vantage,SKILLID_VantageBattalion,SKILLID_Desperation,SKILLID_DesperationBattalion,SKILLID_FistBreaker,SKILLID_AxeBreaker,SKILLID_LanceBreaker,SKILLID_BowBreaker
0xb2,0,0,0,0,0,0,0,0,SKILLID_Vantage,SKILLID_VantageBattalion,SKILLID_Desperation,SKILLID_DesperationBattalion,SKILLID_FistBreaker,SKILLID_AxeBreaker,SKILLID_LanceBreaker,SKILLID_BowBreaker
0xb3,0,0,0,0,0,0,0,0,SKILLID_Vantage,SKILLID_VantageBattalion,SKILLID_Desperation,SKILLID_DesperationBattalion,SKILLID_FistBreaker,SKILLID_AxeBreaker,SKILLID_LanceBreaker,SKILLID_BowBreaker
0xb4,0,0,0,0,0,0,0,0,SKILLID_Vantage,SKILLID_VantageBattalion,SKILLID_Desperation,SKILLID_DesperationBattalion,SKILLID_FistBreaker,SKILLID_AxeBreaker,SKILLID_LanceBreaker,SKILLID_BowBreaker
0xb5,0,0,0,0,0,0,0,0,SKILLID_Vantage,SKILLID_VantageBattalion,SKILLID_Desperation,SKILLID_DesperationBattalion,SKILLID_FistBreaker,SKILLID_AxeBreaker,SKILLID_LanceBreaker,SKILLID_BowBreaker
0xb6,0,0,0,0,0,0,0,0,SKILLID_Vantage,SKILLID_VantageBattalion,SKILLID_Desperation,SKILLID_DesperationBattalion,SKILLID_FistBreaker,SKILLID_AxeBreaker,SKILLID_LanceBreaker,SKILLID_BowBreaker
0xb7,0,0,0,0,0,0,0,0,SKILLID_Vantage,SKILLID_VantageBattalion,SKILLID_Desperation,SKILLID_DesperationBattalion,SKILLID_FistBreaker,SKILLID_AxeBreaker,SKILLID_LanceBreaker,SKILLID_BowBreaker
0xb8,0,0,0,0,0,0,0,0,SKILLID_Vantage,SKILLID_VantageBattalion,SKILLID_Desperation,SKILLID_DesperationBattalion,SKILLID_FistBreaker,SKILLID_AxeBreaker,SKILLID_LanceBreaker,SKILLID_BowBreaker
0xb9,0,0,0,0,0,0,0,0,SKILLID_Vantage,SKILLID_VantageBattalion,SKILLID_Desperation,SKILLID_DesperationBattalion,SKILLID_FistBreaker,SKILLID_AxeBreaker,SKILLID_LanceBreaker,SKILLID_BowBreaker
0xba,0,0,0,0,0,0,0,0,SKILLID_Vantage,SKILLID_VantageBattalion,SKILLID_Desperation,SKILLID_DesperationBattalion,SKILLID_FistBreaker,SKILLID_AxeBreaker,SKILLID_LanceBreaker,SKILLID_BowBreaker
0xbb,0,0,0,0,0,0,0,0,SKILLID_Vantage,SKILLID_VantageBattalion,SKILLID_Desperation,SKILLID_DesperationBattalion,SKILLID_FistBreaker,SKILLID_AxeBreaker,SKILLID_LanceBreaker,SKILLID_BowBreaker
0xbc,0,0,0,0,0,0,0,0,SKILLID_Vantage,SKILLID_VantageBattalion,SKILLID_Desperation,SKILLID_DesperationBattalion,SKILLID_FistBreaker,SKILLID_AxeBreaker,SKILLID_LanceBreaker,SKILLID_BowBreaker
0xbd,0,0,0,0,0,0,0,0,SKILLID_Vantage,SKILLID_VantageBattalion,SKILLID_Desperation,SKILLID_DesperationBattalion,SKILLID_FistBreaker,SKILLID_AxeBreaker,SKILLID_LanceBreaker,SKILLID_BowBreaker
0xbe,0,0,0,0,0,0,0,0,SKILLID_Vantage,SKILLID_VantageBattalion,SKILLID_Desperation,SKILLID_DesperationBattalion,SKILLID_FistBreaker,SKILLID_AxeBreaker,SKILLID_LanceBreaker,SKILLID_BowBreaker
0xbf,0,0,0,0,0,0,0,0,SKILLID_Vantage,SKILLID_VantageBattalion,SKILLID_Desperation,SKILLID_DesperationBattalion,SKILLID_FistBreaker,SKILLID_AxeBreaker,SKILLID_LanceBreaker,SKILLID_BowBreaker
0xc0,0,0,0,0,0,0,0,0,SKILLID_Vantage,SKILLID_VantageBattalion,SKILLID_Desperation,SKILLID_DesperationBattalion,SKILLID_FistBreaker,SKILLID_AxeBreaker,SKILLID_LanceBreaker,SKILLID_BowBreaker
0xc1,0,0,0,0,0,0,0,0,SKILLID_Vantage,SKILLID_VantageBattalion,SKILLID_Desperation,SKILLID_DesperationBattalion,SKILLID_FistBreaker,SKILLID_AxeBreaker,SKILLID_LanceBreaker,SKILLID_BowBreaker
0xc2,0,0,0,0,0,0,0,0,SKILLID_Vantage,SKILLID_VantageBattalion,SKILLID_Desperation,SKILLID_DesperationBattalion,SKILLID_FistBreaker,SKILLID_AxeBreaker,SKILLID_LanceBreaker,SKILLID_BowBreaker
0xc3,0,0,0,0,0,0,0,0,SKILLID_Vantage,SKILLID_VantageBattalion,SKILLID_Desperation,SKILLID_DesperationBattalion,SKILLID_FistBreaker,SKILLID_AxeBreaker,SKILLID_LanceBreaker,SKILLID_BowBreaker
0xc4,0,0,0,0,0,0,0,0,SKILLID_Vantage,SKILLID_VantageBattalion,SKILLID_Desperation,SKILLID_DesperationBattalion,SKILLID_FistBreaker,SKILLID_AxeBreaker,SKILLID_LanceBreaker,SKILLID_BowBreaker
0xc5,0,0,0,0,0,0,0,0,SKILLID_Vantage,SKILLID_VantageBattalion,SKILLID_Desperation,SKILLID_DesperationBattalion,SKILLID_FistBreaker,SKILLID_AxeBreaker,SKILLID_LanceBreaker,SKILLID_BowBreaker
0xc6,0,0,0,0,0,0,0,0,SKILLID_Vantage,SKILLID_VantageBattalion,SKILLID_Desperation,SKILLID_DesperationBattalion,SKILLID_FistBreaker,SKILLID_AxeBreaker,SKILLID_LanceBreaker,SKILLID_BowBreaker
0xc7,0,0,0,0,0,0,0,0,SKILLID_Vantage,SKILLID_VantageBattalion,SKILLID_Desperation,SKILLID_DesperationBattalion,SKILLID_FistBreaker,SKILLID_AxeBreaker,SKILLID_LanceBreaker,SKILLID_BowBreaker
0xc8,0,0,0,0,0,0,0,0,SKILLID_Vantage,SKILLID_VantageBattalion,SKILLID_Desperation,SKILLID_DesperationBattalion,SKILLID_FistBreaker,SKILLID_AxeBreaker,SKILLID_LanceBreaker,SKILLID_BowBreaker
0xc9,0,0,0,0,0,0,0,0,SKILLID_Vantage,SKILLID_VantageBattalion,SKILLID_Desperation,SKILLID_DesperationBattalion,SKILLID_FistBreaker,SKILLID_AxeBreaker,SKILLID_LanceBreaker,SKILLID_BowBreaker
0xca,0,0,0,0,0,0,0,0,SKILLID_Vantage,SKILLID_VantageBattalion,SKILLID_Desperation,SKILLID_DesperationBattalion,SKILLID_FistBreaker,SKILLID_AxeBreaker,SKILLID_LanceBreaker,SKILLID_BowBreaker
0xcb,0,0,0,0,0,0,0,0,SKILLID_Vantage,SKILLID_VantageBattalion,SKILLID_Desperation,SKILLID_DesperationBattalion,SKILLID_FistBreaker,SKILLID_AxeBreaker,SKILLID_LanceBreaker,SKILLID_BowBreaker
0xcc,0,0,0,0,0,0,0,0,SKILLID_Vantage,SKILLID_VantageBattalion,SKILLID_Desperation,SKILLID_DesperationBattalion,SKILLID_FistBreaker,SKILLID_AxeBreaker,SKILLID_LanceBreaker,SKILLID_BowBreaker
0xcd,0,0,0,0,0,0,0,0,SKILLID_Vantage,SKILLID_VantageBattalion,SKILLID_Desperation,SKILLID_DesperationBattalion,SKILLID_FistBreaker,SKILLID_AxeBreaker,SKILLID_LanceBreaker,SKILLID_BowBreaker
0xce,0,0,0,0,0,0,0,0,SKILLID_Vantage,SKILLID_VantageBattalion,SKILLID_Desperation,SKILLID_DesperationBattalion,SKILLID_FistBreaker,SKILLID_AxeBreaker,SKILLID_LanceBreaker,SKILLID_BowBreaker
0xcf,0,0,0,0,0,0,0,0,SKILLID_Vantage,SKILLID_VantageBattalion,SKILLID_Desperation,SKILLID_DesperationBattalion,SKILLID_FistBreaker,SKILLID_AxeBreaker,SKILLID_LanceBreaker,SKILLID_BowBreaker
0xd0,0,0,0,0,0,0,0,0,SKILLID_Vantage,SKILLID_VantageBattalion,SKILLID_Desperation,SKILLID_DesperationBattalion,SKILLID_FistBreaker,SKILLID_AxeBreaker,SKILLID_LanceBreaker,SKILLID_BowBreaker
0xd1,0,0,0,0,0,0,0,0,SKILLID_Vantage,SKILLID_VantageBattalion,SKILLID_Desperation,SKILLID_DesperationBattalion,SKILLID_FistBreaker,SKILLID_AxeBreaker,SKILLID_LanceBreaker,SKILLID_BowBreaker
0xd2,0,0,0,0,0,0,0,0,SKILLID_Vantage,SKILLID_VantageBattalion,SKILLID_Desperation,SKILLID_DesperationBattalion,SKILLID_FistBreaker,SKILLID_AxeBreaker,SKILLID_LanceBreaker,SKILLID_BowBreaker
0xd3,0,0,0,0,0,0,0,0,SKILLID_Vantage,SKILLID_VantageBattalion,SKILLID_Desperation,SKILLID_DesperationBattalion,SKILLID_FistBreaker,SKILLID_AxeBreaker,SKILLID_LanceBreaker,SKILLID_BowBreaker
0xd4,0,0,0,0,0,0,0,0,SKILLID_Vantage,SKILLID_VantageBattalion,SKILLID_Desperation,SKILLID_DesperationBattalion,SKILLID_FistBreaker,SKILLID_AxeBreaker,SKILLID_LanceBreaker,SKILLID_BowBreaker
0xd5,0,0,0,0,0,0,0,0,SKILLID_Vantage,SKILLID_VantageBattalion,SKILLID_Desperation,SKILLID_DesperationBattalion,SKILLID_FistBreaker,SKILLID_AxeBreaker,SKILLID_LanceBreaker,SKILLID_BowBreaker
0xd6,0,0,0,0,0,0,0,0,SKILLID_Vantage,SKILLID_VantageBattalion,SKILLID_Desperation,SKILLID_DesperationBattalion,SKILLID_FistBreaker,SKILLID_AxeBreaker,SKILLID_LanceBreaker,SKILLID_BowBreaker
0xd7,0,0,0,0,0,0,0,0,SKILLID_Vantage,SKILLID_VantageBattalion,SKILLID_Desperation,SKILLID_DesperationBattalion,SKILLID_FistBreaker,SKILLID_AxeBreaker,SKILLID_LanceBreaker,SKILLID_BowBreaker
0xd8,0,0,0,0,0,0,0,0,SKILLID_Vantage,SKILLID_VantageBattalion,SKILLID_Desperation,SKILLID_DesperationBattalion,SKILLID_FistBreaker,SKILLID_AxeBreaker,SKILLID_LanceBreaker,SKILLID_BowBreaker
0xd9,0,0,0,0,0,0,0,0,SKILLID_Vantage,SKILLID_VantageBattalion,SKILLID_Desperation,SKILLID_DesperationBattalion,SKILLID_FistBreaker,SKILLID_AxeBreaker,SKILLID_LanceBreaker,SKILLID_BowBreaker
0xda,0,0,0,0,0,0,0,0,SKILLID_Vantage,SKILLID_VantageBattalion,SKILLID_Desperation,SKILLID_DesperationBattalion,SKILLID_FistBreaker,SKILLID_AxeBreaker,SKILLID_LanceBreaker,SKILLID_BowBreaker
0xdb,0,0,0,0,0,0,0,0,SKILLID_Vantage,SKILLID_VantageBattalion,SKILLID_Desperation,SKILLID_DesperationBattalion,SKILLID_FistBreaker,SKILLID_AxeBreaker,SKILLID_LanceBreaker,SKILLID_BowBreaker
0xdc,0,0,0,0,0,0,0,0,SKILLID_Vantage,SKILLID_VantageBattalion,SKILLID_Desperation,SKILLID_DesperationBattalion,SKILLID_FistBreaker,SKILLID_AxeBreaker,SKILLID_LanceBreaker,SKILLID_BowBreaker
0xdd,0,0,0,0,0,0,0,0,SKILLID_Vantage,SKILLID_VantageBattalion,SKILLID_Desperation,SKILLID_DesperationBattalion,SKILLID_FistBreaker,SKILLID_AxeBreaker,SKILLID_LanceBreaker,SKILLID_BowBreaker
0xde,0,0,0,0,0,0,0,0,SKILLID_Vantage,SKILLID_VantageBattalion,SKILLID_Desperation,SKILLID_DesperationBattalion,SKILLID_FistBreaker,SKILLID_AxeBreaker,SKILLID_LanceBreaker,SKILLID_BowBreaker
0xdf,0,0,0,0,0,0,0,0,SKILLID_Vantage,SKILLID_VantageBattalion,SKILLID_Desperation,SKILLID_DesperationBattalion,SKILLID_FistBreaker,SKILLID_AxeBreaker,SKILLID_LanceBreaker,SKILLID_BowBreaker
0xe0,0,0,0,0,0,0,0,0,SKILLID_Vantage,SKILLID_VantageBattalion,SKILLID_Desperation,SKILLID_DesperationBattalion,SKILLID_FistBreaker,SKILLID_AxeBreaker,SKILLID_LanceBreaker,SKILLID_BowBreaker
0xe1,0,0,0,0,0,0,0,0,SKILLID_Vantage,SKILLID_VantageBattalion,SKILLID_Desperation,SKILLID_DesperationBattalion,SKILLID_FistBreaker,SKILLID_AxeBreaker,SKILLID_LanceBreaker,SKILLID_BowBreaker
0xe2,0,0,0,0,0,0,0,0,SKILLID_Vantage,SKILLID_VantageBattalion,SKILLID_Desperation,SKILLID_DesperationBattalion,SKILLID_FistBreaker,SKILLID_AxeBreaker,SKILLID_LanceBreaker,SKILLID_BowBreaker
0xe3,0,0,0,0,0,0,0,0,SKILLID_Vantage,SKILLID_VantageBattalion,SKILLID_Desperation,SKILLID_DesperationBattalion,SKILLID_FistBreaker,SKILLID_AxeBreaker,SKILLID_LanceBreaker,SKILLID_BowBreaker
0xe4,0,0,0,0,0,0,0,0,SKILLID_Vantage,SKILLID_VantageBattalion,SKILLID_Desperation,SKILLID_DesperationBattalion,SKILLID_FistBreaker,SKILLID_AxeBreaker,SKILLID_LanceBreaker,SKILLID_BowBreaker
0xe5,0,0,0,0,0,0,0,0,SKILLID_Vantage,SKILLID_VantageBattalion,SKILLID_Desperation,SKILLID_DesperationBattalion,SKILLID_FistBreaker,SKILLID_AxeBreaker,SKILLID_LanceBreaker,SKILLID_BowBreaker
0xe6,0,0,0,0,0,0,0,0,SKILLID_Vantage,SKILLID_VantageBattalion,SKILLID_Desperation,SKILLID_DesperationBattalion,SKILLID_FistBreaker,SKILLID_AxeBreaker,SKILLID_LanceBreaker,SKILLID_BowBreaker
0xe7,0,0,0,0,0,0,0,0,SKILLID_Vantage,SKILLID_VantageBattalion,SKILLID_Desperation,SKILLID_DesperationBattalion,SKILLID_FistBreaker,SKILLID_AxeBreaker,SKILLID_LanceBreaker,SKILLID_BowBreaker
0xe8,0,0,0,0,0,0,0,0,SKILLID_Vantage,SKILLID_VantageBattalion,SKILLID_Desperation,SKILLID_DesperationBattalion,SKILLID_FistBreaker,SKILLID_AxeBreaker,SKILLID_LanceBreaker,SKILLID_BowBreaker
0xe9,0,0,0,0,0,0,0,0,SKILLID_Vantage,SKILLID_VantageBattalion,SKILLID_Desperation,SKILLID_DesperationBattalion,SKILLID_FistBreaker,SKILLID_AxeBreaker,SKILLID_LanceBreaker,SKILLID_BowBreaker
0xea,0,0,0,0,0,0,0,0,SKILLID_Vantage,SKILLID_VantageBattalion,SKILLID_Desperation,SKILLID_DesperationBattalion,SKILLID_FistBreaker,SKILLID_AxeBreaker,SKILLID_LanceBreaker,SKILLID_BowBreaker
0xeb,0,0,0,0,0,0,0,0,SKILLID_Vantage,SKILLID_VantageBattalion,SKILLID_Desperation,SKILLID_DesperationBattalion,SKILLID_FistBreaker,SKILLID_AxeBreaker,SKILLID_LanceBreaker,SKILLID_BowBreaker
0xec,0,0,0,0,0,0,0,0,SKILLID_Vantage,SKILLID_VantageBattalion,SKILLID_Desperation,SKILLID_DesperationBattalion,SKILLID_FistBreaker,SKILLID_AxeBreaker,SKILLID_LanceBreaker,SKILLID_BowBreaker
0xed,0,0,0,0,0,0,0,0,SKILLID_Vantage,SKILLID_VantageBattalion,SKILLID_Desperation,SKILLID_DesperationBattalion,SKILLID_FistBreaker,SKILLID_AxeBreaker,SKILLID_LanceBreaker,SKILLID_BowBreaker
0xee,0,0,0,0,0,0,0,0,SKILLID_Vantage,SKILLID_VantageBattalion,SKILLID_Desperation,SKILLID_DesperationBattalion,SKILLID_FistBreaker,SKILLID_AxeBreaker,SKILLID_LanceBreaker,SKILLID_BowBreaker
0xef,0,0,0,0,0,0,0,0,SKILLID_Vantage,SKILLID_VantageBattalion,SKILLID_Desperation,SKILLID_DesperationBattalion,SKILLID_FistBreaker,SKILLID_AxeBreaker,SKILLID_LanceBreaker,SKILLID_BowBreaker
0xf0,0,0,0,0,0,0,0,0,SKILLID_Vantage,SKILLID_VantageBattalion,SKILLID_Desperation,SKILLID_DesperationBattalion,SKILLID_FistBreaker,SKILLID_AxeBreaker,SKILLID_LanceBreaker,SKILLID_BowBreaker
0xf1,0,0,0,0,0,0,0,0,SKILLID_Vantage,SKILLID_VantageBattalion,SKILLID_Desperation,SKILLID_DesperationBattalion,SKILLID_FistBreaker,SKILLID_AxeBreaker,SKILLID_LanceBreaker,SKILLID_BowBreaker
0xf2,0,0,0,0,0,0,0,0,SKILLID_Vantage,SKILLID_VantageBattalion,SKILLID_Desperation,SKILLID_DesperationBattalion,SKILLID_FistBreaker,SKILLID_AxeBreaker,SKILLID_LanceBreaker,SKILLID_BowBreaker
0xf3,0,0,0,0,0,0,0,0,SKILLID_Vantage,SKILLID_VantageBattalion,SKILLID_Desperation,SKILLID_DesperationBattalion,SKILLID_FistBreaker,SKILLID_AxeBreaker,SKILLID_LanceBreaker,SKILLID_BowBreaker
0xf4,0,0,0,0,0,0,0,0,SKILLID_Vantage,SKILLID_VantageBattalion,SKILLID_Desperation,SKILLID_DesperationBattalion,SKILLID_FistBreaker,SKILLID_AxeBreaker,SKILLID_LanceBreaker,SKILLID_BowBreaker
0xf5,0,0,0,0,0,0,0,0,SKILLID_Vantage,SKILLID_VantageBattalion,SKILLID_Desperation,SKILLID_DesperationBattalion,SKILLID_FistBreaker,SKILLID_AxeBreaker,SKILLID_LanceBreaker,SKILLID_BowBreaker
0xf6,0,0,0,0,0,0,0,0,SKILLID_Vantage,SKILLID_VantageBattalion,SKILLID_Desperation,SKILLID_DesperationBattalion,SKILLID_FistBreaker,SKILLID_AxeBreaker,SKILLID_LanceBreaker,SKILLID_BowBreaker
0xf7,0,0,0,0,0,0,0,0,SKILLID_Vantage,SKILLID_VantageBattalion,SKILLID_Desperation,SKILLID_DesperationBattalion,SKILLID_FistBreaker,SKILLID_AxeBreaker,SKILLID_LanceBreaker,SKILLID_BowBreaker
0xf8,0,0,0,0,0,0,0,0,SKILLID_Vantage,SKILLID_VantageBattalion,SKILLID_Desperation,SKILLID_DesperationBattalion,SKILLID_FistBreaker,SKILLID_AxeBreaker,SKILLID_LanceBreaker,SKILLID_BowBreaker
0xf9,0,0,0,0,0,0,0,0,SKILLID_Vantage,SKILLID_VantageBattalion,SKILLID_Desperation,SKILLID_DesperationBattalion,SKILLID_FistBreaker,SKILLID_AxeBreaker,SKILLID_LanceBreaker,SKILLID_BowBreaker
0xfa,0,0,0,0,0,0,0,0,SKILLID_Vantage,SKILLID_VantageBattalion,SKILLID_Desperation,SKILLID_DesperationBattalion,SKILLID_FistBreaker,SKILLID_AxeBreaker,SKILLID_LanceBreaker,SKILLID_BowBreaker
0xfb,0,0,0,0,0,0,0,0,SKILLID_Vantage,SKILLID_VantageBattalion,SKILLID_Desperation,SKILLID_DesperationBattalion,SKILLID_FistBreaker,SKILLID_AxeBreaker,SKILLID_LanceBreaker,SKILLID_BowBreaker
0xfc,0,0,0,0,0,0,0,0,SKILLID_Vantage,SKILLID_VantageBattalion,SKILLID_Desperation,SKILLID_DesperationBattalion,SKILLID_FistBreaker,SKILLID_AxeBreaker,SKILLID_LanceBreaker,SKILLID_BowBreaker
0xfd,0,0,0,0,0,0,0,0,SKILLID_Vantage,SKILLID_VantageBattalion,SKILLID_Desperation,SKILLID_DesperationBattalion,SKILLID_FistBreaker,SKILLID_AxeBreaker,SKILLID_LanceBreaker,SKILLID_BowBreaker
0xfe,0,0,0,0,0,0,0,0,SKILLID_Vantage,SKILLID_VantageBattalion,SKILLID_Desperation,SKILLID_DesperationBattalion,SKILLID_FistBreaker,SKILLID_AxeBreaker,SKILLID_LanceBreaker,SKILLID_BowBreaker
0xff,0,0,0,0,0,0,0,0,SKILLID_Vantage,SKILLID_VantageBattalion,SKILLID_Desperation,SKILLID_DesperationBattalion,SKILLID_FistBreaker,SKILLID_AxeBreaker,SKILLID_LanceBreaker,SKILLID_BowBreaker
